operator,message_bytes,real_ms,sim_ms,error_pct,model_type,segment_count,threshold_bytes,segment_ranges_bytes,segment_models
all_reduce,1024,0.022238,0.021726,2.3002,segmented_linear,4,16384;1048576;8388608,1024-16384;65536-1048576;4194304-8388608;12582912-134217728,"0.021455,0.000000265276;0.028084,0.000000023599;0.062269,0.000000015066;0.021506,0.000000018565"
all_reduce,4096,0.021902,0.022541,2.9194,segmented_linear,4,16384;1048576;8388608,1024-16384;65536-1048576;4194304-8388608;12582912-134217728,"0.021455,0.000000265276;0.028084,0.000000023599;0.062269,0.000000015066;0.021506,0.000000018565"
all_reduce,16384,0.025929,0.025801,0.4932,segmented_linear,4,16384;1048576;8388608,1024-16384;65536-1048576;4194304-8388608;12582912-134217728,"0.021455,0.000000265276;0.028084,0.000000023599;0.062269,0.000000015066;0.021506,0.000000018565"
all_reduce,65536,0.029918,0.029631,0.9607,segmented_linear,4,16384;1048576;8388608,1024-16384;65536-1048576;4194304-8388608;12582912-134217728,"0.021455,0.000000265276;0.028084,0.000000023599;0.062269,0.000000015066;0.021506,0.000000018565"
all_reduce,262144,0.033911,0.034270,1.0595,segmented_linear,4,16384;1048576;8388608,1024-16384;65536-1048576;4194304-8388608;12582912-134217728,"0.021455,0.000000265276;0.028084,0.000000023599;0.062269,0.000000015066;0.021506,0.000000018565"
all_reduce,1048576,0.052901,0.052829,0.1358,segmented_linear,4,16384;1048576;8388608,1024-16384;65536-1048576;4194304-8388608;12582912-134217728,"0.021455,0.000000265276;0.028084,0.000000023599;0.062269,0.000000015066;0.021506,0.000000018565"
all_reduce,4194304,0.125459,0.125459,0.0000,segmented_linear,4,16384;1048576;8388608,1024-16384;65536-1048576;4194304-8388608;12582912-134217728,"0.021455,0.000000265276;0.028084,0.000000023599;0.062269,0.000000015066;0.021506,0.000000018565"
all_reduce,8388608,0.188649,0.188649,0.0000,segmented_linear,4,16384;1048576;8388608,1024-16384;65536-1048576;4194304-8388608;12582912-134217728,"0.021455,0.000000265276;0.028084,0.000000023599;0.062269,0.000000015066;0.021506,0.000000018565"
all_reduce,12582912,0.259604,0.255107,1.7324,segmented_linear,4,16384;1048576;8388608,1024-16384;65536-1048576;4194304-8388608;12582912-134217728,"0.021455,0.000000265276;0.028084,0.000000023599;0.062269,0.000000015066;0.021506,0.000000018565"
all_reduce,16777216,0.342623,0.332974,2.8163,segmented_linear,4,16384;1048576;8388608,1024-16384;65536-1048576;4194304-8388608;12582912-134217728,"0.021455,0.000000265276;0.028084,0.000000023599;0.062269,0.000000015066;0.021506,0.000000018565"
all_reduce,20971520,0.414477,0.410841,0.8773,segmented_linear,4,16384;1048576;8388608,1024-16384;65536-1048576;4194304-8388608;12582912-134217728,"0.021455,0.000000265276;0.028084,0.000000023599;0.062269,0.000000015066;0.021506,0.000000018565"
all_reduce,25165824,0.496948,0.488708,1.6582,segmented_linear,4,16384;1048576;8388608,1024-16384;65536-1048576;4194304-8388608;12582912-134217728,"0.021455,0.000000265276;0.028084,0.000000023599;0.062269,0.000000015066;0.021506,0.000000018565"
all_reduce,29360128,0.568438,0.566575,0.3278,segmented_linear,4,16384;1048576;8388608,1024-16384;65536-1048576;4194304-8388608;12582912-134217728,"0.021455,0.000000265276;0.028084,0.000000023599;0.062269,0.000000015066;0.021506,0.000000018565"
all_reduce,33554432,0.647279,0.644442,0.4383,segmented_linear,4,16384;1048576;8388608,1024-16384;65536-1048576;4194304-8388608;12582912-134217728,"0.021455,0.000000265276;0.028084,0.000000023599;0.062269,0.000000015066;0.021506,0.000000018565"
all_reduce,37748736,0.720308,0.722309,0.2778,segmented_linear,4,16384;1048576;8388608,1024-16384;65536-1048576;4194304-8388608;12582912-134217728,"0.021455,0.000000265276;0.028084,0.000000023599;0.062269,0.000000015066;0.021506,0.000000018565"
all_reduce,41943040,0.802928,0.800176,0.3427,segmented_linear,4,16384;1048576;8388608,1024-16384;65536-1048576;4194304-8388608;12582912-134217728,"0.021455,0.000000265276;0.028084,0.000000023599;0.062269,0.000000015066;0.021506,0.000000018565"
all_reduce,46137344,0.875944,0.878043,0.2396,segmented_linear,4,16384;1048576;8388608,1024-16384;65536-1048576;4194304-8388608;12582912-134217728,"0.021455,0.000000265276;0.028084,0.000000023599;0.062269,0.000000015066;0.021506,0.000000018565"
all_reduce,50331648,0.956627,0.955910,0.0749,segmented_linear,4,16384;1048576;8388608,1024-16384;65536-1048576;4194304-8388608;12582912-134217728,"0.021455,0.000000265276;0.028084,0.000000023599;0.062269,0.000000015066;0.021506,0.000000018565"
all_reduce,54525952,1.028759,1.033777,0.4878,segmented_linear,4,16384;1048576;8388608,1024-16384;65536-1048576;4194304-8388608;12582912-134217728,"0.021455,0.000000265276;0.028084,0.000000023599;0.062269,0.000000015066;0.021506,0.000000018565"
all_reduce,58720256,1.110548,1.111644,0.0987,segmented_linear,4,16384;1048576;8388608,1024-16384;65536-1048576;4194304-8388608;12582912-134217728,"0.021455,0.000000265276;0.028084,0.000000023599;0.062269,0.000000015066;0.021506,0.000000018565"
all_reduce,62914560,1.182305,1.189511,0.6095,segmented_linear,4,16384;1048576;8388608,1024-16384;65536-1048576;4194304-8388608;12582912-134217728,"0.021455,0.000000265276;0.028084,0.000000023599;0.062269,0.000000015066;0.021506,0.000000018565"
all_reduce,67108864,1.261975,1.267378,0.4282,segmented_linear,4,16384;1048576;8388608,1024-16384;65536-1048576;4194304-8388608;12582912-134217728,"0.021455,0.000000265276;0.028084,0.000000023599;0.062269,0.000000015066;0.021506,0.000000018565"
all_reduce,71303168,1.336211,1.345245,0.6761,segmented_linear,4,16384;1048576;8388608,1024-16384;65536-1048576;4194304-8388608;12582912-134217728,"0.021455,0.000000265276;0.028084,0.000000023599;0.062269,0.000000015066;0.021506,0.000000018565"
all_reduce,75497472,1.418386,1.423112,0.3332,segmented_linear,4,16384;1048576;8388608,1024-16384;65536-1048576;4194304-8388608;12582912-134217728,"0.021455,0.000000265276;0.028084,0.000000023599;0.062269,0.000000015066;0.021506,0.000000018565"
all_reduce,79691776,1.490058,1.500979,0.7329,segmented_linear,4,16384;1048576;8388608,1024-16384;65536-1048576;4194304-8388608;12582912-134217728,"0.021455,0.000000265276;0.028084,0.000000023599;0.062269,0.000000015066;0.021506,0.000000018565"
all_reduce,83886080,1.569898,1.578846,0.5700,segmented_linear,4,16384;1048576;8388608,1024-16384;65536-1048576;4194304-8388608;12582912-134217728,"0.021455,0.000000265276;0.028084,0.000000023599;0.062269,0.000000015066;0.021506,0.000000018565"
all_reduce,88080384,1.648536,1.656713,0.4960,segmented_linear,4,16384;1048576;8388608,1024-16384;65536-1048576;4194304-8388608;12582912-134217728,"0.021455,0.000000265276;0.028084,0.000000023599;0.062269,0.000000015066;0.021506,0.000000018565"
all_reduce,92274688,1.729929,1.734580,0.2689,segmented_linear,4,16384;1048576;8388608,1024-16384;65536-1048576;4194304-8388608;12582912-134217728,"0.021455,0.000000265276;0.028084,0.000000023599;0.062269,0.000000015066;0.021506,0.000000018565"
all_reduce,96468992,1.813386,1.812447,0.0518,segmented_linear,4,16384;1048576;8388608,1024-16384;65536-1048576;4194304-8388608;12582912-134217728,"0.021455,0.000000265276;0.028084,0.000000023599;0.062269,0.000000015066;0.021506,0.000000018565"
all_reduce,100663296,1.890560,1.890315,0.0130,segmented_linear,4,16384;1048576;8388608,1024-16384;65536-1048576;4194304-8388608;12582912-134217728,"0.021455,0.000000265276;0.028084,0.000000023599;0.062269,0.000000015066;0.021506,0.000000018565"
all_reduce,104857600,1.968399,1.968182,0.0110,segmented_linear,4,16384;1048576;8388608,1024-16384;65536-1048576;4194304-8388608;12582912-134217728,"0.021455,0.000000265276;0.028084,0.000000023599;0.062269,0.000000015066;0.021506,0.000000018565"
all_reduce,109051904,2.045959,2.046049,0.0044,segmented_linear,4,16384;1048576;8388608,1024-16384;65536-1048576;4194304-8388608;12582912-134217728,"0.021455,0.000000265276;0.028084,0.000000023599;0.062269,0.000000015066;0.021506,0.000000018565"
all_reduce,113246208,2.132923,2.123916,0.4223,segmented_linear,4,16384;1048576;8388608,1024-16384;65536-1048576;4194304-8388608;12582912-134217728,"0.021455,0.000000265276;0.028084,0.000000023599;0.062269,0.000000015066;0.021506,0.000000018565"
all_reduce,117440512,2.202561,2.201783,0.0353,segmented_linear,4,16384;1048576;8388608,1024-16384;65536-1048576;4194304-8388608;12582912-134217728,"0.021455,0.000000265276;0.028084,0.000000023599;0.062269,0.000000015066;0.021506,0.000000018565"
all_reduce,121634816,2.287578,2.279650,0.3466,segmented_linear,4,16384;1048576;8388608,1024-16384;65536-1048576;4194304-8388608;12582912-134217728,"0.021455,0.000000265276;0.028084,0.000000023599;0.062269,0.000000015066;0.021506,0.000000018565"
all_reduce,125829120,2.362299,2.357517,0.2024,segmented_linear,4,16384;1048576;8388608,1024-16384;65536-1048576;4194304-8388608;12582912-134217728,"0.021455,0.000000265276;0.028084,0.000000023599;0.062269,0.000000015066;0.021506,0.000000018565"
all_reduce,130023424,2.441553,2.435384,0.2527,segmented_linear,4,16384;1048576;8388608,1024-16384;65536-1048576;4194304-8388608;12582912-134217728,"0.021455,0.000000265276;0.028084,0.000000023599;0.062269,0.000000015066;0.021506,0.000000018565"
all_reduce,134217728,2.518364,2.513251,0.2030,segmented_linear,4,16384;1048576;8388608,1024-16384;65536-1048576;4194304-8388608;12582912-134217728,"0.021455,0.000000265276;0.028084,0.000000023599;0.062269,0.000000015066;0.021506,0.000000018565"
send_recv,1024,0.052917,0.052917,0.0000,segmented_linear,4,4096;262144;62914560,1024-4096;16384-262144;1048576-62914560;67108864-134217728,"0.052428,0.000000477865;0.051889,0.000000020517;0.047702,0.000000018506;0.028458,0.000000018689"
send_recv,4096,0.054385,0.054385,0.0000,segmented_linear,4,4096;262144;62914560,1024-4096;16384-262144;1048576-62914560;67108864-134217728,"0.052428,0.000000477865;0.051889,0.000000020517;0.047702,0.000000018506;0.028458,0.000000018689"
send_recv,16384,0.052595,0.052225,0.7026,segmented_linear,4,4096;262144;62914560,1024-4096;16384-262144;1048576-62914560;67108864-134217728,"0.052428,0.000000477865;0.051889,0.000000020517;0.047702,0.000000018506;0.028458,0.000000018689"
send_recv,65536,0.052772,0.053234,0.8753,segmented_linear,4,4096;262144;62914560,1024-4096;16384-262144;1048576-62914560;67108864-134217728,"0.052428,0.000000477865;0.051889,0.000000020517;0.047702,0.000000018506;0.028458,0.000000018689"
send_recv,262144,0.057360,0.057268,0.1611,segmented_linear,4,4096;262144;62914560,1024-4096;16384-262144;1048576-62914560;67108864-134217728,"0.052428,0.000000477865;0.051889,0.000000020517;0.047702,0.000000018506;0.028458,0.000000018689"
send_recv,1048576,0.067910,0.067107,1.1827,segmented_linear,4,4096;262144;62914560,1024-4096;16384-262144;1048576-62914560;67108864-134217728,"0.052428,0.000000477865;0.051889,0.000000020517;0.047702,0.000000018506;0.028458,0.000000018689"
send_recv,4194304,0.124207,0.125322,0.8980,segmented_linear,4,4096;262144;62914560,1024-4096;16384-262144;1048576-62914560;67108864-134217728,"0.052428,0.000000477865;0.051889,0.000000020517;0.047702,0.000000018506;0.028458,0.000000018689"
send_recv,8388608,0.203834,0.202943,0.4371,segmented_linear,4,4096;262144;62914560,1024-4096;16384-262144;1048576-62914560;67108864-134217728,"0.052428,0.000000477865;0.051889,0.000000020517;0.047702,0.000000018506;0.028458,0.000000018689"
send_recv,12582912,0.277305,0.280564,1.1752,segmented_linear,4,4096;262144;62914560,1024-4096;16384-262144;1048576-62914560;67108864-134217728,"0.052428,0.000000477865;0.051889,0.000000020517;0.047702,0.000000018506;0.028458,0.000000018689"
send_recv,16777216,0.358270,0.358185,0.0239,segmented_linear,4,4096;262144;62914560,1024-4096;16384-262144;1048576-62914560;67108864-134217728,"0.052428,0.000000477865;0.051889,0.000000020517;0.047702,0.000000018506;0.028458,0.000000018689"
send_recv,20971520,0.434200,0.435805,0.3697,segmented_linear,4,4096;262144;62914560,1024-4096;16384-262144;1048576-62914560;67108864-134217728,"0.052428,0.000000477865;0.051889,0.000000020517;0.047702,0.000000018506;0.028458,0.000000018689"
send_recv,25165824,0.516462,0.513426,0.5878,segmented_linear,4,4096;262144;62914560,1024-4096;16384-262144;1048576-62914560;67108864-134217728,"0.052428,0.000000477865;0.051889,0.000000020517;0.047702,0.000000018506;0.028458,0.000000018689"
send_recv,29360128,0.588314,0.591047,0.4645,segmented_linear,4,4096;262144;62914560,1024-4096;16384-262144;1048576-62914560;67108864-134217728,"0.052428,0.000000477865;0.051889,0.000000020517;0.047702,0.000000018506;0.028458,0.000000018689"
send_recv,33554432,0.672920,0.668667,0.6320,segmented_linear,4,4096;262144;62914560,1024-4096;16384-262144;1048576-62914560;67108864-134217728,"0.052428,0.000000477865;0.051889,0.000000020517;0.047702,0.000000018506;0.028458,0.000000018689"
send_recv,37748736,0.746109,0.746288,0.0240,segmented_linear,4,4096;262144;62914560,1024-4096;16384-262144;1048576-62914560;67108864-134217728,"0.052428,0.000000477865;0.051889,0.000000020517;0.047702,0.000000018506;0.028458,0.000000018689"
send_recv,41943040,0.823631,0.823909,0.0337,segmented_linear,4,4096;262144;62914560,1024-4096;16384-262144;1048576-62914560;67108864-134217728,"0.052428,0.000000477865;0.051889,0.000000020517;0.047702,0.000000018506;0.028458,0.000000018689"
send_recv,46137344,0.896925,0.901530,0.5134,segmented_linear,4,4096;262144;62914560,1024-4096;16384-262144;1048576-62914560;67108864-134217728,"0.052428,0.000000477865;0.051889,0.000000020517;0.047702,0.000000018506;0.028458,0.000000018689"
send_recv,50331648,0.990808,0.979150,1.1766,segmented_linear,4,4096;262144;62914560,1024-4096;16384-262144;1048576-62914560;67108864-134217728,"0.052428,0.000000477865;0.051889,0.000000020517;0.047702,0.000000018506;0.028458,0.000000018689"
send_recv,54525952,1.055318,1.056771,0.1377,segmented_linear,4,4096;262144;62914560,1024-4096;16384-262144;1048576-62914560;67108864-134217728,"0.052428,0.000000477865;0.051889,0.000000020517;0.047702,0.000000018506;0.028458,0.000000018689"
send_recv,58720256,1.134384,1.134392,0.0007,segmented_linear,4,4096;262144;62914560,1024-4096;16384-262144;1048576-62914560;67108864-134217728,"0.052428,0.000000477865;0.051889,0.000000020517;0.047702,0.000000018506;0.028458,0.000000018689"
send_recv,62914560,1.206522,1.212013,0.4551,segmented_linear,4,4096;262144;62914560,1024-4096;16384-262144;1048576-62914560;67108864-134217728,"0.052428,0.000000477865;0.051889,0.000000020517;0.047702,0.000000018506;0.028458,0.000000018689"
send_recv,67108864,1.288825,1.282673,0.4774,segmented_linear,4,4096;262144;62914560,1024-4096;16384-262144;1048576-62914560;67108864-134217728,"0.052428,0.000000477865;0.051889,0.000000020517;0.047702,0.000000018506;0.028458,0.000000018689"
send_recv,71303168,1.361602,1.361061,0.0397,segmented_linear,4,4096;262144;62914560,1024-4096;16384-262144;1048576-62914560;67108864-134217728,"0.052428,0.000000477865;0.051889,0.000000020517;0.047702,0.000000018506;0.028458,0.000000018689"
send_recv,75497472,1.439709,1.439450,0.0180,segmented_linear,4,4096;262144;62914560,1024-4096;16384-262144;1048576-62914560;67108864-134217728,"0.052428,0.000000477865;0.051889,0.000000020517;0.047702,0.000000018506;0.028458,0.000000018689"
send_recv,79691776,1.516546,1.517838,0.0852,segmented_linear,4,4096;262144;62914560,1024-4096;16384-262144;1048576-62914560;67108864-134217728,"0.052428,0.000000477865;0.051889,0.000000020517;0.047702,0.000000018506;0.028458,0.000000018689"
send_recv,83886080,1.595340,1.596227,0.0556,segmented_linear,4,4096;262144;62914560,1024-4096;16384-262144;1048576-62914560;67108864-134217728,"0.052428,0.000000477865;0.051889,0.000000020517;0.047702,0.000000018506;0.028458,0.000000018689"
send_recv,88080384,1.674032,1.674615,0.0348,segmented_linear,4,4096;262144;62914560,1024-4096;16384-262144;1048576-62914560;67108864-134217728,"0.052428,0.000000477865;0.051889,0.000000020517;0.047702,0.000000018506;0.028458,0.000000018689"
send_recv,92274688,1.745732,1.753003,0.4165,segmented_linear,4,4096;262144;62914560,1024-4096;16384-262144;1048576-62914560;67108864-134217728,"0.052428,0.000000477865;0.051889,0.000000020517;0.047702,0.000000018506;0.028458,0.000000018689"
send_recv,96468992,1.830273,1.831392,0.0611,segmented_linear,4,4096;262144;62914560,1024-4096;16384-262144;1048576-62914560;67108864-134217728,"0.052428,0.000000477865;0.051889,0.000000020517;0.047702,0.000000018506;0.028458,0.000000018689"
send_recv,100663296,1.904389,1.909780,0.2831,segmented_linear,4,4096;262144;62914560,1024-4096;16384-262144;1048576-62914560;67108864-134217728,"0.052428,0.000000477865;0.051889,0.000000020517;0.047702,0.000000018506;0.028458,0.000000018689"
send_recv,104857600,1.991446,1.988169,0.1646,segmented_linear,4,4096;262144;62914560,1024-4096;16384-262144;1048576-62914560;67108864-134217728,"0.052428,0.000000477865;0.051889,0.000000020517;0.047702,0.000000018506;0.028458,0.000000018689"
send_recv,109051904,2.066663,2.066557,0.0051,segmented_linear,4,4096;262144;62914560,1024-4096;16384-262144;1048576-62914560;67108864-134217728,"0.052428,0.000000477865;0.051889,0.000000020517;0.047702,0.000000018506;0.028458,0.000000018689"
send_recv,113246208,2.148845,2.144946,0.1815,segmented_linear,4,4096;262144;62914560,1024-4096;16384-262144;1048576-62914560;67108864-134217728,"0.052428,0.000000477865;0.051889,0.000000020517;0.047702,0.000000018506;0.028458,0.000000018689"
send_recv,117440512,2.224166,2.223334,0.0374,segmented_linear,4,4096;262144;62914560,1024-4096;16384-262144;1048576-62914560;67108864-134217728,"0.052428,0.000000477865;0.051889,0.000000020517;0.047702,0.000000018506;0.028458,0.000000018689"
send_recv,121634816,2.302422,2.301723,0.0304,segmented_linear,4,4096;262144;62914560,1024-4096;16384-262144;1048576-62914560;67108864-134217728,"0.052428,0.000000477865;0.051889,0.000000020517;0.047702,0.000000018506;0.028458,0.000000018689"
send_recv,125829120,2.378973,2.380111,0.0478,segmented_linear,4,4096;262144;62914560,1024-4096;16384-262144;1048576-62914560;67108864-134217728,"0.052428,0.000000477865;0.051889,0.000000020517;0.047702,0.000000018506;0.028458,0.000000018689"
send_recv,130023424,2.461865,2.458499,0.1367,segmented_linear,4,4096;262144;62914560,1024-4096;16384-262144;1048576-62914560;67108864-134217728,"0.052428,0.000000477865;0.051889,0.000000020517;0.047702,0.000000018506;0.028458,0.000000018689"
send_recv,134217728,2.535438,2.536888,0.0572,segmented_linear,4,4096;262144;62914560,1024-4096;16384-262144;1048576-62914560;67108864-134217728,"0.052428,0.000000477865;0.051889,0.000000020517;0.047702,0.000000018506;0.028458,0.000000018689"
all_gather,1024,0.022715,0.022990,1.2104,segmented_linear,4,16384;262144;12582912,1024-16384;65536-262144;1048576-12582912;16777216-134217728,"0.023010,-0.000000019415;0.023969,0.000000025106;0.032653,0.000000009170;0.029475,0.000000009468"
all_gather,4096,0.023274,0.022930,1.4767,segmented_linear,4,16384;262144;12582912,1024-16384;65536-262144;1048576-12582912;16777216-134217728,"0.023010,-0.000000019415;0.023969,0.000000025106;0.032653,0.000000009170;0.029475,0.000000009468"
all_gather,16384,0.022623,0.022692,0.3038,segmented_linear,4,16384;262144;12582912,1024-16384;65536-262144;1048576-12582912;16777216-134217728,"0.023010,-0.000000019415;0.023969,0.000000025106;0.032653,0.000000009170;0.029475,0.000000009468"
all_gather,65536,0.025614,0.025614,0.0000,segmented_linear,4,16384;262144;12582912,1024-16384;65536-262144;1048576-12582912;16777216-134217728,"0.023010,-0.000000019415;0.023969,0.000000025106;0.032653,0.000000009170;0.029475,0.000000009468"
all_gather,262144,0.030550,0.030550,0.0000,segmented_linear,4,16384;262144;12582912,1024-16384;65536-262144;1048576-12582912;16777216-134217728,"0.023010,-0.000000019415;0.023969,0.000000025106;0.032653,0.000000009170;0.029475,0.000000009468"
all_gather,1048576,0.042480,0.042268,0.4991,segmented_linear,4,16384;262144;12582912,1024-16384;65536-262144;1048576-12582912;16777216-134217728,"0.023010,-0.000000019415;0.023969,0.000000025106;0.032653,0.000000009170;0.029475,0.000000009468"
all_gather,4194304,0.070072,0.071113,1.4856,segmented_linear,4,16384;262144;12582912,1024-16384;65536-262144;1048576-12582912;16777216-134217728,"0.023010,-0.000000019415;0.023969,0.000000025106;0.032653,0.000000009170;0.029475,0.000000009468"
all_gather,8388608,0.111072,0.109573,1.3496,segmented_linear,4,16384;262144;12582912,1024-16384;65536-262144;1048576-12582912;16777216-134217728,"0.023010,-0.000000019415;0.023969,0.000000025106;0.032653,0.000000009170;0.029475,0.000000009468"
all_gather,12582912,0.147363,0.148033,0.4547,segmented_linear,4,16384;262144;12582912,1024-16384;65536-262144;1048576-12582912;16777216-134217728,"0.023010,-0.000000019415;0.023969,0.000000025106;0.032653,0.000000009170;0.029475,0.000000009468"
all_gather,16777216,0.191280,0.188326,1.5441,segmented_linear,4,16384;262144;12582912,1024-16384;65536-262144;1048576-12582912;16777216-134217728,"0.023010,-0.000000019415;0.023969,0.000000025106;0.032653,0.000000009170;0.029475,0.000000009468"
all_gather,20971520,0.227501,0.228039,0.2365,segmented_linear,4,16384;262144;12582912,1024-16384;65536-262144;1048576-12582912;16777216-134217728,"0.023010,-0.000000019415;0.023969,0.000000025106;0.032653,0.000000009170;0.029475,0.000000009468"
all_gather,25165824,0.271022,0.267752,1.2066,segmented_linear,4,16384;262144;12582912,1024-16384;65536-262144;1048576-12582912;16777216-134217728,"0.023010,-0.000000019415;0.023969,0.000000025106;0.032653,0.000000009170;0.029475,0.000000009468"
all_gather,29360128,0.306050,0.307465,0.4622,segmented_linear,4,16384;262144;12582912,1024-16384;65536-262144;1048576-12582912;16777216-134217728,"0.023010,-0.000000019415;0.023969,0.000000025106;0.032653,0.000000009170;0.029475,0.000000009468"
all_gather,33554432,0.348852,0.347177,0.4800,segmented_linear,4,16384;262144;12582912,1024-16384;65536-262144;1048576-12582912;16777216-134217728,"0.023010,-0.000000019415;0.023969,0.000000025106;0.032653,0.000000009170;0.029475,0.000000009468"
all_gather,37748736,0.383270,0.386890,0.9445,segmented_linear,4,16384;262144;12582912,1024-16384;65536-262144;1048576-12582912;16777216-134217728,"0.023010,-0.000000019415;0.023969,0.000000025106;0.032653,0.000000009170;0.029475,0.000000009468"
all_gather,41943040,0.428138,0.426603,0.3586,segmented_linear,4,16384;262144;12582912,1024-16384;65536-262144;1048576-12582912;16777216-134217728,"0.023010,-0.000000019415;0.023969,0.000000025106;0.032653,0.000000009170;0.029475,0.000000009468"
all_gather,46137344,0.465621,0.466316,0.1492,segmented_linear,4,16384;262144;12582912,1024-16384;65536-262144;1048576-12582912;16777216-134217728,"0.023010,-0.000000019415;0.023969,0.000000025106;0.032653,0.000000009170;0.029475,0.000000009468"
all_gather,50331648,0.507356,0.506028,0.2617,segmented_linear,4,16384;262144;12582912,1024-16384;65536-262144;1048576-12582912;16777216-134217728,"0.023010,-0.000000019415;0.023969,0.000000025106;0.032653,0.000000009170;0.029475,0.000000009468"
all_gather,54525952,0.543788,0.545741,0.3592,segmented_linear,4,16384;262144;12582912,1024-16384;65536-262144;1048576-12582912;16777216-134217728,"0.023010,-0.000000019415;0.023969,0.000000025106;0.032653,0.000000009170;0.029475,0.000000009468"
all_gather,58720256,0.584049,0.585454,0.2405,segmented_linear,4,16384;262144;12582912,1024-16384;65536-262144;1048576-12582912;16777216-134217728,"0.023010,-0.000000019415;0.023969,0.000000025106;0.032653,0.000000009170;0.029475,0.000000009468"
all_gather,62914560,0.624035,0.625167,0.1813,segmented_linear,4,16384;262144;12582912,1024-16384;65536-262144;1048576-12582912;16777216-134217728,"0.023010,-0.000000019415;0.023969,0.000000025106;0.032653,0.000000009170;0.029475,0.000000009468"
all_gather,67108864,0.665848,0.664879,0.1455,segmented_linear,4,16384;262144;12582912,1024-16384;65536-262144;1048576-12582912;16777216-134217728,"0.023010,-0.000000019415;0.023969,0.000000025106;0.032653,0.000000009170;0.029475,0.000000009468"
all_gather,71303168,0.703333,0.704592,0.1790,segmented_linear,4,16384;262144;12582912,1024-16384;65536-262144;1048576-12582912;16777216-134217728,"0.023010,-0.000000019415;0.023969,0.000000025106;0.032653,0.000000009170;0.029475,0.000000009468"
all_gather,75497472,0.743779,0.744305,0.0707,segmented_linear,4,16384;262144;12582912,1024-16384;65536-262144;1048576-12582912;16777216-134217728,"0.023010,-0.000000019415;0.023969,0.000000025106;0.032653,0.000000009170;0.029475,0.000000009468"
all_gather,79691776,0.780327,0.784018,0.4730,segmented_linear,4,16384;262144;12582912,1024-16384;65536-262144;1048576-12582912;16777216-134217728,"0.023010,-0.000000019415;0.023969,0.000000025106;0.032653,0.000000009170;0.029475,0.000000009468"
all_gather,83886080,0.824538,0.823730,0.0979,segmented_linear,4,16384;262144;12582912,1024-16384;65536-262144;1048576-12582912;16777216-134217728,"0.023010,-0.000000019415;0.023969,0.000000025106;0.032653,0.000000009170;0.029475,0.000000009468"
all_gather,88080384,0.859869,0.863443,0.4157,segmented_linear,4,16384;262144;12582912,1024-16384;65536-262144;1048576-12582912;16777216-134217728,"0.023010,-0.000000019415;0.023969,0.000000025106;0.032653,0.000000009170;0.029475,0.000000009468"
all_gather,92274688,0.902797,0.903156,0.0398,segmented_linear,4,16384;262144;12582912,1024-16384;65536-262144;1048576-12582912;16777216-134217728,"0.023010,-0.000000019415;0.023969,0.000000025106;0.032653,0.000000009170;0.029475,0.000000009468"
all_gather,96468992,0.944560,0.942869,0.1791,segmented_linear,4,16384;262144;12582912,1024-16384;65536-262144;1048576-12582912;16777216-134217728,"0.023010,-0.000000019415;0.023969,0.000000025106;0.032653,0.000000009170;0.029475,0.000000009468"
all_gather,100663296,0.981584,0.982581,0.1016,segmented_linear,4,16384;262144;12582912,1024-16384;65536-262144;1048576-12582912;16777216-134217728,"0.023010,-0.000000019415;0.023969,0.000000025106;0.032653,0.000000009170;0.029475,0.000000009468"
all_gather,104857600,1.028854,1.022294,0.6376,segmented_linear,4,16384;262144;12582912,1024-16384;65536-262144;1048576-12582912;16777216-134217728,"0.023010,-0.000000019415;0.023969,0.000000025106;0.032653,0.000000009170;0.029475,0.000000009468"
all_gather,109051904,1.060836,1.062007,0.1104,segmented_linear,4,16384;262144;12582912,1024-16384;65536-262144;1048576-12582912;16777216-134217728,"0.023010,-0.000000019415;0.023969,0.000000025106;0.032653,0.000000009170;0.029475,0.000000009468"
all_gather,113246208,1.104196,1.101720,0.2243,segmented_linear,4,16384;262144;12582912,1024-16384;65536-262144;1048576-12582912;16777216-134217728,"0.023010,-0.000000019415;0.023969,0.000000025106;0.032653,0.000000009170;0.029475,0.000000009468"
all_gather,117440512,1.139461,1.141432,0.1730,segmented_linear,4,16384;262144;12582912,1024-16384;65536-262144;1048576-12582912;16777216-134217728,"0.023010,-0.000000019415;0.023969,0.000000025106;0.032653,0.000000009170;0.029475,0.000000009468"
all_gather,121634816,1.182846,1.181145,0.1438,segmented_linear,4,16384;262144;12582912,1024-16384;65536-262144;1048576-12582912;16777216-134217728,"0.023010,-0.000000019415;0.023969,0.000000025106;0.032653,0.000000009170;0.029475,0.000000009468"
all_gather,125829120,1.218957,1.220858,0.1560,segmented_linear,4,16384;262144;12582912,1024-16384;65536-262144;1048576-12582912;16777216-134217728,"0.023010,-0.000000019415;0.023969,0.000000025106;0.032653,0.000000009170;0.029475,0.000000009468"
all_gather,130023424,1.261731,1.260571,0.0920,segmented_linear,4,16384;262144;12582912,1024-16384;65536-262144;1048576-12582912;16777216-134217728,"0.023010,-0.000000019415;0.023969,0.000000025106;0.032653,0.000000009170;0.029475,0.000000009468"
all_gather,134217728,1.300365,1.300283,0.0063,segmented_linear,4,16384;262144;12582912,1024-16384;65536-262144;1048576-12582912;16777216-134217728,"0.023010,-0.000000019415;0.023969,0.000000025106;0.032653,0.000000009170;0.029475,0.000000009468"
all_to_all,1024,0.074211,0.074789,0.7786,segmented_linear,4,16384;262144;25165824,1024-16384;65536-262144;1048576-25165824;29360128-134217728,"0.074794,-0.000000005232;0.056717,-0.000000000153;0.054441,0.000000009018;0.058671,0.000000009203"
all_to_all,4096,0.075495,0.074773,0.9567,segmented_linear,4,16384;262144;25165824,1024-16384;65536-262144;1048576-25165824;29360128-134217728,"0.074794,-0.000000005232;0.056717,-0.000000000153;0.054441,0.000000009018;0.058671,0.000000009203"
all_to_all,16384,0.074564,0.074708,0.1937,segmented_linear,4,16384;262144;25165824,1024-16384;65536-262144;1048576-25165824;29360128-134217728,"0.074794,-0.000000005232;0.056717,-0.000000000153;0.054441,0.000000009018;0.058671,0.000000009203"
all_to_all,65536,0.056707,0.056707,0.0000,segmented_linear,4,16384;262144;25165824,1024-16384;65536-262144;1048576-25165824;29360128-134217728,"0.074794,-0.000000005232;0.056717,-0.000000000153;0.054441,0.000000009018;0.058671,0.000000009203"
all_to_all,262144,0.056677,0.056677,0.0000,segmented_linear,4,16384;262144;25165824,1024-16384;65536-262144;1048576-25165824;29360128-134217728,"0.074794,-0.000000005232;0.056717,-0.000000000153;0.054441,0.000000009018;0.058671,0.000000009203"
all_to_all,1048576,0.064824,0.063898,1.4291,segmented_linear,4,16384;262144;25165824,1024-16384;65536-262144;1048576-25165824;29360128-134217728,"0.074794,-0.000000005232;0.056717,-0.000000000153;0.054441,0.000000009018;0.058671,0.000000009203"
all_to_all,4194304,0.092861,0.092267,0.6393,segmented_linear,4,16384;262144;25165824,1024-16384;65536-262144;1048576-25165824;29360128-134217728,"0.074794,-0.000000005232;0.056717,-0.000000000153;0.054441,0.000000009018;0.058671,0.000000009203"
all_to_all,8388608,0.129167,0.130094,0.7174,segmented_linear,4,16384;262144;25165824,1024-16384;65536-262144;1048576-25165824;29360128-134217728,"0.074794,-0.000000005232;0.056717,-0.000000000153;0.054441,0.000000009018;0.058671,0.000000009203"
all_to_all,12582912,0.166127,0.167920,1.0792,segmented_linear,4,16384;262144;25165824,1024-16384;65536-262144;1048576-25165824;29360128-134217728,"0.074794,-0.000000005232;0.056717,-0.000000000153;0.054441,0.000000009018;0.058671,0.000000009203"
all_to_all,16777216,0.204894,0.205746,0.4159,segmented_linear,4,16384;262144;25165824,1024-16384;65536-262144;1048576-25165824;29360128-134217728,"0.074794,-0.000000005232;0.056717,-0.000000000153;0.054441,0.000000009018;0.058671,0.000000009203"
all_to_all,20971520,0.246067,0.243573,1.0137,segmented_linear,4,16384;262144;25165824,1024-16384;65536-262144;1048576-25165824;29360128-134217728,"0.074794,-0.000000005232;0.056717,-0.000000000153;0.054441,0.000000009018;0.058671,0.000000009203"
all_to_all,25165824,0.280956,0.281399,0.1576,segmented_linear,4,16384;262144;25165824,1024-16384;65536-262144;1048576-25165824;29360128-134217728,"0.074794,-0.000000005232;0.056717,-0.000000000153;0.054441,0.000000009018;0.058671,0.000000009203"
all_to_all,29360128,0.329263,0.328859,0.1227,segmented_linear,4,16384;262144;25165824,1024-16384;65536-262144;1048576-25165824;29360128-134217728,"0.074794,-0.000000005232;0.056717,-0.000000000153;0.054441,0.000000009018;0.058671,0.000000009203"
all_to_all,33554432,0.370946,0.367457,0.9405,segmented_linear,4,16384;262144;25165824,1024-16384;65536-262144;1048576-25165824;29360128-134217728,"0.074794,-0.000000005232;0.056717,-0.000000000153;0.054441,0.000000009018;0.058671,0.000000009203"
all_to_all,37748736,0.405410,0.406056,0.1593,segmented_linear,4,16384;262144;25165824,1024-16384;65536-262144;1048576-25165824;29360128-134217728,"0.074794,-0.000000005232;0.056717,-0.000000000153;0.054441,0.000000009018;0.058671,0.000000009203"
all_to_all,41943040,0.446638,0.444654,0.4442,segmented_linear,4,16384;262144;25165824,1024-16384;65536-262144;1048576-25165824;29360128-134217728,"0.074794,-0.000000005232;0.056717,-0.000000000153;0.054441,0.000000009018;0.058671,0.000000009203"
all_to_all,46137344,0.480268,0.483252,0.6214,segmented_linear,4,16384;262144;25165824,1024-16384;65536-262144;1048576-25165824;29360128-134217728,"0.074794,-0.000000005232;0.056717,-0.000000000153;0.054441,0.000000009018;0.058671,0.000000009203"
all_to_all,50331648,0.520474,0.521851,0.2645,segmented_linear,4,16384;262144;25165824,1024-16384;65536-262144;1048576-25165824;29360128-134217728,"0.074794,-0.000000005232;0.056717,-0.000000000153;0.054441,0.000000009018;0.058671,0.000000009203"
all_to_all,54525952,0.559893,0.560449,0.0993,segmented_linear,4,16384;262144;25165824,1024-16384;65536-262144;1048576-25165824;29360128-134217728,"0.074794,-0.000000005232;0.056717,-0.000000000153;0.054441,0.000000009018;0.058671,0.000000009203"
all_to_all,58720256,0.600669,0.599047,0.2700,segmented_linear,4,16384;262144;25165824,1024-16384;65536-262144;1048576-25165824;29360128-134217728,"0.074794,-0.000000005232;0.056717,-0.000000000153;0.054441,0.000000009018;0.058671,0.000000009203"
all_to_all,62914560,0.633725,0.637646,0.6187,segmented_linear,4,16384;262144;25165824,1024-16384;65536-262144;1048576-25165824;29360128-134217728,"0.074794,-0.000000005232;0.056717,-0.000000000153;0.054441,0.000000009018;0.058671,0.000000009203"
all_to_all,67108864,0.679168,0.676244,0.4305,segmented_linear,4,16384;262144;25165824,1024-16384;65536-262144;1048576-25165824;29360128-134217728,"0.074794,-0.000000005232;0.056717,-0.000000000153;0.054441,0.000000009018;0.058671,0.000000009203"
all_to_all,71303168,0.712495,0.714842,0.3294,segmented_linear,4,16384;262144;25165824,1024-16384;65536-262144;1048576-25165824;29360128-134217728,"0.074794,-0.000000005232;0.056717,-0.000000000153;0.054441,0.000000009018;0.058671,0.000000009203"
all_to_all,75497472,0.752574,0.753441,0.1152,segmented_linear,4,16384;262144;25165824,1024-16384;65536-262144;1048576-25165824;29360128-134217728,"0.074794,-0.000000005232;0.056717,-0.000000000153;0.054441,0.000000009018;0.058671,0.000000009203"
all_to_all,79691776,0.792429,0.792039,0.0492,segmented_linear,4,16384;262144;25165824,1024-16384;65536-262144;1048576-25165824;29360128-134217728,"0.074794,-0.000000005232;0.056717,-0.000000000153;0.054441,0.000000009018;0.058671,0.000000009203"
all_to_all,83886080,0.831047,0.830637,0.0493,segmented_linear,4,16384;262144;25165824,1024-16384;65536-262144;1048576-25165824;29360128-134217728,"0.074794,-0.000000005232;0.056717,-0.000000000153;0.054441,0.000000009018;0.058671,0.000000009203"
all_to_all,88080384,0.868070,0.869236,0.1343,segmented_linear,4,16384;262144;25165824,1024-16384;65536-262144;1048576-25165824;29360128-134217728,"0.074794,-0.000000005232;0.056717,-0.000000000153;0.054441,0.000000009018;0.058671,0.000000009203"
all_to_all,92274688,0.905778,0.907834,0.2270,segmented_linear,4,16384;262144;25165824,1024-16384;65536-262144;1048576-25165824;29360128-134217728,"0.074794,-0.000000005232;0.056717,-0.000000000153;0.054441,0.000000009018;0.058671,0.000000009203"
all_to_all,96468992,0.951908,0.946432,0.5752,segmented_linear,4,16384;262144;25165824,1024-16384;65536-262144;1048576-25165824;29360128-134217728,"0.074794,-0.000000005232;0.056717,-0.000000000153;0.054441,0.000000009018;0.058671,0.000000009203"
all_to_all,100663296,0.986727,0.985031,0.1719,segmented_linear,4,16384;262144;25165824,1024-16384;65536-262144;1048576-25165824;29360128-134217728,"0.074794,-0.000000005232;0.056717,-0.000000000153;0.054441,0.000000009018;0.058671,0.000000009203"
all_to_all,104857600,1.021796,1.023629,0.1794,segmented_linear,4,16384;262144;25165824,1024-16384;65536-262144;1048576-25165824;29360128-134217728,"0.074794,-0.000000005232;0.056717,-0.000000000153;0.054441,0.000000009018;0.058671,0.000000009203"
all_to_all,109051904,1.056900,1.062227,0.5040,segmented_linear,4,16384;262144;25165824,1024-16384;65536-262144;1048576-25165824;29360128-134217728,"0.074794,-0.000000005232;0.056717,-0.000000000153;0.054441,0.000000009018;0.058671,0.000000009203"
all_to_all,113246208,1.105075,1.100826,0.3845,segmented_linear,4,16384;262144;25165824,1024-16384;65536-262144;1048576-25165824;29360128-134217728,"0.074794,-0.000000005232;0.056717,-0.000000000153;0.054441,0.000000009018;0.058671,0.000000009203"
all_to_all,117440512,1.139229,1.139424,0.0171,segmented_linear,4,16384;262144;25165824,1024-16384;65536-262144;1048576-25165824;29360128-134217728,"0.074794,-0.000000005232;0.056717,-0.000000000153;0.054441,0.000000009018;0.058671,0.000000009203"
all_to_all,121634816,1.179334,1.178022,0.1112,segmented_linear,4,16384;262144;25165824,1024-16384;65536-262144;1048576-25165824;29360128-134217728,"0.074794,-0.000000005232;0.056717,-0.000000000153;0.054441,0.000000009018;0.058671,0.000000009203"
all_to_all,125829120,1.213631,1.216620,0.2463,segmented_linear,4,16384;262144;25165824,1024-16384;65536-262144;1048576-25165824;29360128-134217728,"0.074794,-0.000000005232;0.056717,-0.000000000153;0.054441,0.000000009018;0.058671,0.000000009203"
all_to_all,130023424,1.258284,1.255219,0.2436,segmented_linear,4,16384;262144;25165824,1024-16384;65536-262144;1048576-25165824;29360128-134217728,"0.074794,-0.000000005232;0.056717,-0.000000000153;0.054441,0.000000009018;0.058671,0.000000009203"
all_to_all,134217728,1.293059,1.293817,0.0586,segmented_linear,4,16384;262144;25165824,1024-16384;65536-262144;1048576-25165824;29360128-134217728,"0.074794,-0.000000005232;0.056717,-0.000000000153;0.054441,0.000000009018;0.058671,0.000000009203"
reduce_scatter,1024,0.022362,0.023133,3.4488,segmented_linear,4,65536;8388608;16777216,1024-65536;262144-8388608;12582912-16777216;20971520-134217728,"0.023123,0.000000010093;0.024495,0.000000016741;0.158725,0.000000006513;0.091143,0.000000011541"
reduce_scatter,4096,0.023627,0.023164,1.9587,segmented_linear,4,65536;8388608;16777216,1024-65536;262144-8388608;12582912-16777216;20971520-134217728,"0.023123,0.000000010093;0.024495,0.000000016741;0.158725,0.000000006513;0.091143,0.000000011541"
reduce_scatter,16384,0.023722,0.023288,1.8285,segmented_linear,4,65536;8388608;16777216,1024-65536;262144-8388608;12582912-16777216;20971520-134217728,"0.023123,0.000000010093;0.024495,0.000000016741;0.158725,0.000000006513;0.091143,0.000000011541"
reduce_scatter,65536,0.023659,0.023784,0.5297,segmented_linear,4,65536;8388608;16777216,1024-65536;262144-8388608;12582912-16777216;20971520-134217728,"0.023123,0.000000010093;0.024495,0.000000016741;0.158725,0.000000006513;0.091143,0.000000011541"
reduce_scatter,262144,0.029950,0.028883,3.5617,segmented_linear,4,65536;8388608;16777216,1024-65536;262144-8388608;12582912-16777216;20971520-134217728,"0.023123,0.000000010093;0.024495,0.000000016741;0.158725,0.000000006513;0.091143,0.000000011541"
reduce_scatter,1048576,0.041781,0.042049,0.6414,segmented_linear,4,65536;8388608;16777216,1024-65536;262144-8388608;12582912-16777216;20971520-134217728,"0.023123,0.000000010093;0.024495,0.000000016741;0.158725,0.000000006513;0.091143,0.000000011541"
reduce_scatter,4194304,0.093114,0.094712,1.7160,segmented_linear,4,65536;8388608;16777216,1024-65536;262144-8388608;12582912-16777216;20971520-134217728,"0.023123,0.000000010093;0.024495,0.000000016741;0.158725,0.000000006513;0.091143,0.000000011541"
reduce_scatter,8388608,0.165728,0.164929,0.4822,segmented_linear,4,65536;8388608;16777216,1024-65536;262144-8388608;12582912-16777216;20971520-134217728,"0.023123,0.000000010093;0.024495,0.000000016741;0.158725,0.000000006513;0.091143,0.000000011541"
reduce_scatter,12582912,0.240679,0.240679,0.0000,segmented_linear,4,65536;8388608;16777216,1024-65536;262144-8388608;12582912-16777216;20971520-134217728,"0.023123,0.000000010093;0.024495,0.000000016741;0.158725,0.000000006513;0.091143,0.000000011541"
reduce_scatter,16777216,0.267997,0.267997,0.0000,segmented_linear,4,65536;8388608;16777216,1024-65536;262144-8388608;12582912-16777216;20971520-134217728,"0.023123,0.000000010093;0.024495,0.000000016741;0.158725,0.000000006513;0.091143,0.000000011541"
reduce_scatter,20971520,0.338376,0.333173,1.5377,segmented_linear,4,65536;8388608;16777216,1024-65536;262144-8388608;12582912-16777216;20971520-134217728,"0.023123,0.000000010093;0.024495,0.000000016741;0.158725,0.000000006513;0.091143,0.000000011541"
reduce_scatter,25165824,0.369949,0.381579,3.1436,segmented_linear,4,65536;8388608;16777216,1024-65536;262144-8388608;12582912-16777216;20971520-134217728,"0.023123,0.000000010093;0.024495,0.000000016741;0.158725,0.000000006513;0.091143,0.000000011541"
reduce_scatter,29360128,0.437490,0.429984,1.7156,segmented_linear,4,65536;8388608;16777216,1024-65536;262144-8388608;12582912-16777216;20971520-134217728,"0.023123,0.000000010093;0.024495,0.000000016741;0.158725,0.000000006513;0.091143,0.000000011541"
reduce_scatter,33554432,0.465505,0.478390,2.7680,segmented_linear,4,65536;8388608;16777216,1024-65536;262144-8388608;12582912-16777216;20971520-134217728,"0.023123,0.000000010093;0.024495,0.000000016741;0.158725,0.000000006513;0.091143,0.000000011541"
reduce_scatter,37748736,0.536729,0.526796,1.8506,segmented_linear,4,65536;8388608;16777216,1024-65536;262144-8388608;12582912-16777216;20971520-134217728,"0.023123,0.000000010093;0.024495,0.000000016741;0.158725,0.000000006513;0.091143,0.000000011541"
reduce_scatter,41943040,0.563071,0.575202,2.1544,segmented_linear,4,65536;8388608;16777216,1024-65536;262144-8388608;12582912-16777216;20971520-134217728,"0.023123,0.000000010093;0.024495,0.000000016741;0.158725,0.000000006513;0.091143,0.000000011541"
reduce_scatter,46137344,0.632654,0.623608,1.4299,segmented_linear,4,65536;8388608;16777216,1024-65536;262144-8388608;12582912-16777216;20971520-134217728,"0.023123,0.000000010093;0.024495,0.000000016741;0.158725,0.000000006513;0.091143,0.000000011541"
reduce_scatter,50331648,0.663869,0.672014,1.2268,segmented_linear,4,65536;8388608;16777216,1024-65536;262144-8388608;12582912-16777216;20971520-134217728,"0.023123,0.000000010093;0.024495,0.000000016741;0.158725,0.000000006513;0.091143,0.000000011541"
reduce_scatter,54525952,0.733564,0.720420,1.7919,segmented_linear,4,65536;8388608;16777216,1024-65536;262144-8388608;12582912-16777216;20971520-134217728,"0.023123,0.000000010093;0.024495,0.000000016741;0.158725,0.000000006513;0.091143,0.000000011541"
reduce_scatter,58720256,0.760124,0.768825,1.1447,segmented_linear,4,65536;8388608;16777216,1024-65536;262144-8388608;12582912-16777216;20971520-134217728,"0.023123,0.000000010093;0.024495,0.000000016741;0.158725,0.000000006513;0.091143,0.000000011541"
reduce_scatter,62914560,0.828710,0.817231,1.3851,segmented_linear,4,65536;8388608;16777216,1024-65536;262144-8388608;12582912-16777216;20971520-134217728,"0.023123,0.000000010093;0.024495,0.000000016741;0.158725,0.000000006513;0.091143,0.000000011541"
reduce_scatter,67108864,0.857702,0.865637,0.9252,segmented_linear,4,65536;8388608;16777216,1024-65536;262144-8388608;12582912-16777216;20971520-134217728,"0.023123,0.000000010093;0.024495,0.000000016741;0.158725,0.000000006513;0.091143,0.000000011541"
reduce_scatter,71303168,0.927899,0.914043,1.4933,segmented_linear,4,65536;8388608;16777216,1024-65536;262144-8388608;12582912-16777216;20971520-134217728,"0.023123,0.000000010093;0.024495,0.000000016741;0.158725,0.000000006513;0.091143,0.000000011541"
reduce_scatter,75497472,0.956555,0.962449,0.6161,segmented_linear,4,65536;8388608;16777216,1024-65536;262144-8388608;12582912-16777216;20971520-134217728,"0.023123,0.000000010093;0.024495,0.000000016741;0.158725,0.000000006513;0.091143,0.000000011541"
reduce_scatter,79691776,1.026079,1.010855,1.4837,segmented_linear,4,65536;8388608;16777216,1024-65536;262144-8388608;12582912-16777216;20971520-134217728,"0.023123,0.000000010093;0.024495,0.000000016741;0.158725,0.000000006513;0.091143,0.000000011541"
reduce_scatter,83886080,1.056351,1.059260,0.2754,segmented_linear,4,65536;8388608;16777216,1024-65536;262144-8388608;12582912-16777216;20971520-134217728,"0.023123,0.000000010093;0.024495,0.000000016741;0.158725,0.000000006513;0.091143,0.000000011541"
reduce_scatter,88080384,1.126917,1.107666,1.7083,segmented_linear,4,65536;8388608;16777216,1024-65536;262144-8388608;12582912-16777216;20971520-134217728,"0.023123,0.000000010093;0.024495,0.000000016741;0.158725,0.000000006513;0.091143,0.000000011541"
reduce_scatter,92274688,1.154216,1.156072,0.1608,segmented_linear,4,65536;8388608;16777216,1024-65536;262144-8388608;12582912-16777216;20971520-134217728,"0.023123,0.000000010093;0.024495,0.000000016741;0.158725,0.000000006513;0.091143,0.000000011541"
reduce_scatter,96468992,1.185861,1.204478,1.5699,segmented_linear,4,65536;8388608;16777216,1024-65536;262144-8388608;12582912-16777216;20971520-134217728,"0.023123,0.000000010093;0.024495,0.000000016741;0.158725,0.000000006513;0.091143,0.000000011541"
reduce_scatter,100663296,1.253581,1.252884,0.0556,segmented_linear,4,65536;8388608;16777216,1024-65536;262144-8388608;12582912-16777216;20971520-134217728,"0.023123,0.000000010093;0.024495,0.000000016741;0.158725,0.000000006513;0.091143,0.000000011541"
reduce_scatter,104857600,1.282416,1.301290,1.4717,segmented_linear,4,65536;8388608;16777216,1024-65536;262144-8388608;12582912-16777216;20971520-134217728,"0.023123,0.000000010093;0.024495,0.000000016741;0.158725,0.000000006513;0.091143,0.000000011541"
reduce_scatter,109051904,1.352517,1.349696,0.2086,segmented_linear,4,65536;8388608;16777216,1024-65536;262144-8388608;12582912-16777216;20971520-134217728,"0.023123,0.000000010093;0.024495,0.000000016741;0.158725,0.000000006513;0.091143,0.000000011541"
reduce_scatter,113246208,1.382549,1.398101,1.1249,segmented_linear,4,65536;8388608;16777216,1024-65536;262144-8388608;12582912-16777216;20971520-134217728,"0.023123,0.000000010093;0.024495,0.000000016741;0.158725,0.000000006513;0.091143,0.000000011541"
reduce_scatter,117440512,1.452171,1.446507,0.3900,segmented_linear,4,65536;8388608;16777216,1024-65536;262144-8388608;12582912-16777216;20971520-134217728,"0.023123,0.000000010093;0.024495,0.000000016741;0.158725,0.000000006513;0.091143,0.000000011541"
reduce_scatter,121634816,1.484423,1.494913,0.7067,segmented_linear,4,65536;8388608;16777216,1024-65536;262144-8388608;12582912-16777216;20971520-134217728,"0.023123,0.000000010093;0.024495,0.000000016741;0.158725,0.000000006513;0.091143,0.000000011541"
reduce_scatter,125829120,1.554187,1.543319,0.6993,segmented_linear,4,65536;8388608;16777216,1024-65536;262144-8388608;12582912-16777216;20971520-134217728,"0.023123,0.000000010093;0.024495,0.000000016741;0.158725,0.000000006513;0.091143,0.000000011541"
reduce_scatter,130023424,1.585736,1.591725,0.3777,segmented_linear,4,65536;8388608;16777216,1024-65536;262144-8388608;12582912-16777216;20971520-134217728,"0.023123,0.000000010093;0.024495,0.000000016741;0.158725,0.000000006513;0.091143,0.000000011541"
reduce_scatter,134217728,1.657046,1.640131,1.0208,segmented_linear,4,65536;8388608;16777216,1024-65536;262144-8388608;12582912-16777216;20971520-134217728,"0.023123,0.000000010093;0.024495,0.000000016741;0.158725,0.000000006513;0.091143,0.000000011541"
broadcast,1024,0.022971,0.022668,1.3192,segmented_linear,4,65536;1048576;37748736,1024-65536;262144-1048576;4194304-37748736;41943040-134217728,"0.022657,0.000000010900;0.024344,0.000000021456;0.025218,0.000000018017;0.028518,0.000000017742"
broadcast,4096,0.022546,0.022701,0.6895,segmented_linear,4,65536;1048576;37748736,1024-65536;262144-1048576;4194304-37748736;41943040-134217728,"0.022657,0.000000010900;0.024344,0.000000021456;0.025218,0.000000018017;0.028518,0.000000017742"
broadcast,16384,0.022632,0.022835,0.8987,segmented_linear,4,65536;1048576;37748736,1024-65536;262144-1048576;4194304-37748736;41943040-134217728,"0.022657,0.000000010900;0.024344,0.000000021456;0.025218,0.000000018017;0.028518,0.000000017742"
broadcast,65536,0.023427,0.023371,0.2383,segmented_linear,4,65536;1048576;37748736,1024-65536;262144-1048576;4194304-37748736;41943040-134217728,"0.022657,0.000000010900;0.024344,0.000000021456;0.025218,0.000000018017;0.028518,0.000000017742"
broadcast,262144,0.029969,0.029969,0.0000,segmented_linear,4,65536;1048576;37748736,1024-65536;262144-1048576;4194304-37748736;41943040-134217728,"0.022657,0.000000010900;0.024344,0.000000021456;0.025218,0.000000018017;0.028518,0.000000017742"
broadcast,1048576,0.046843,0.046843,0.0000,segmented_linear,4,65536;1048576;37748736,1024-65536;262144-1048576;4194304-37748736;41943040-134217728,"0.022657,0.000000010900;0.024344,0.000000021456;0.025218,0.000000018017;0.028518,0.000000017742"
broadcast,4194304,0.102222,0.100786,1.4052,segmented_linear,4,65536;1048576;37748736,1024-65536;262144-1048576;4194304-37748736;41943040-134217728,"0.022657,0.000000010900;0.024344,0.000000021456;0.025218,0.000000018017;0.028518,0.000000017742"
broadcast,8388608,0.175577,0.176353,0.4420,segmented_linear,4,65536;1048576;37748736,1024-65536;262144-1048576;4194304-37748736;41943040-134217728,"0.022657,0.000000010900;0.024344,0.000000021456;0.025218,0.000000018017;0.028518,0.000000017742"
broadcast,12582912,0.254725,0.251921,1.1009,segmented_linear,4,65536;1048576;37748736,1024-65536;262144-1048576;4194304-37748736;41943040-134217728,"0.022657,0.000000010900;0.024344,0.000000021456;0.025218,0.000000018017;0.028518,0.000000017742"
broadcast,16777216,0.325948,0.327488,0.4725,segmented_linear,4,65536;1048576;37748736,1024-65536;262144-1048576;4194304-37748736;41943040-134217728,"0.022657,0.000000010900;0.024344,0.000000021456;0.025218,0.000000018017;0.028518,0.000000017742"
broadcast,20971520,0.397590,0.403056,1.3747,segmented_linear,4,65536;1048576;37748736,1024-65536;262144-1048576;4194304-37748736;41943040-134217728,"0.022657,0.000000010900;0.024344,0.000000021456;0.025218,0.000000018017;0.028518,0.000000017742"
broadcast,25165824,0.477850,0.478623,0.1618,segmented_linear,4,65536;1048576;37748736,1024-65536;262144-1048576;4194304-37748736;41943040-134217728,"0.022657,0.000000010900;0.024344,0.000000021456;0.025218,0.000000018017;0.028518,0.000000017742"
broadcast,29360128,0.550329,0.554191,0.7017,segmented_linear,4,65536;1048576;37748736,1024-65536;262144-1048576;4194304-37748736;41943040-134217728,"0.022657,0.000000010900;0.024344,0.000000021456;0.025218,0.000000018017;0.028518,0.000000017742"
broadcast,33554432,0.646480,0.629758,2.5866,segmented_linear,4,65536;1048576;37748736,1024-65536;262144-1048576;4194304-37748736;41943040-134217728,"0.022657,0.000000010900;0.024344,0.000000021456;0.025218,0.000000018017;0.028518,0.000000017742"
broadcast,37748736,0.696780,0.705326,1.2265,segmented_linear,4,65536;1048576;37748736,1024-65536;262144-1048576;4194304-37748736;41943040-134217728,"0.022657,0.000000010900;0.024344,0.000000021456;0.025218,0.000000018017;0.028518,0.000000017742"
broadcast,41943040,0.774627,0.772658,0.2542,segmented_linear,4,65536;1048576;37748736,1024-65536;262144-1048576;4194304-37748736;41943040-134217728,"0.022657,0.000000010900;0.024344,0.000000021456;0.025218,0.000000018017;0.028518,0.000000017742"
broadcast,46137344,0.846928,0.847072,0.0170,segmented_linear,4,65536;1048576;37748736,1024-65536;262144-1048576;4194304-37748736;41943040-134217728,"0.022657,0.000000010900;0.024344,0.000000021456;0.025218,0.000000018017;0.028518,0.000000017742"
broadcast,50331648,0.922596,0.921486,0.1203,segmented_linear,4,65536;1048576;37748736,1024-65536;262144-1048576;4194304-37748736;41943040-134217728,"0.022657,0.000000010900;0.024344,0.000000021456;0.025218,0.000000018017;0.028518,0.000000017742"
broadcast,54525952,0.992496,0.995900,0.3430,segmented_linear,4,65536;1048576;37748736,1024-65536;262144-1048576;4194304-37748736;41943040-134217728,"0.022657,0.000000010900;0.024344,0.000000021456;0.025218,0.000000018017;0.028518,0.000000017742"
broadcast,58720256,1.072578,1.070314,0.2110,segmented_linear,4,65536;1048576;37748736,1024-65536;262144-1048576;4194304-37748736;41943040-134217728,"0.022657,0.000000010900;0.024344,0.000000021456;0.025218,0.000000018017;0.028518,0.000000017742"
broadcast,62914560,1.144192,1.144728,0.0469,segmented_linear,4,65536;1048576;37748736,1024-65536;262144-1048576;4194304-37748736;41943040-134217728,"0.022657,0.000000010900;0.024344,0.000000021456;0.025218,0.000000018017;0.028518,0.000000017742"
broadcast,67108864,1.217705,1.219142,0.1180,segmented_linear,4,65536;1048576;37748736,1024-65536;262144-1048576;4194304-37748736;41943040-134217728,"0.022657,0.000000010900;0.024344,0.000000021456;0.025218,0.000000018017;0.028518,0.000000017742"
broadcast,71303168,1.294224,1.293556,0.0516,segmented_linear,4,65536;1048576;37748736,1024-65536;262144-1048576;4194304-37748736;41943040-134217728,"0.022657,0.000000010900;0.024344,0.000000021456;0.025218,0.000000018017;0.028518,0.000000017742"
broadcast,75497472,1.366435,1.367971,0.1124,segmented_linear,4,65536;1048576;37748736,1024-65536;262144-1048576;4194304-37748736;41943040-134217728,"0.022657,0.000000010900;0.024344,0.000000021456;0.025218,0.000000018017;0.028518,0.000000017742"
broadcast,79691776,1.442912,1.442385,0.0366,segmented_linear,4,65536;1048576;37748736,1024-65536;262144-1048576;4194304-37748736;41943040-134217728,"0.022657,0.000000010900;0.024344,0.000000021456;0.025218,0.000000018017;0.028518,0.000000017742"
broadcast,83886080,1.516670,1.516799,0.0085,segmented_linear,4,65536;1048576;37748736,1024-65536;262144-1048576;4194304-37748736;41943040-134217728,"0.022657,0.000000010900;0.024344,0.000000021456;0.025218,0.000000018017;0.028518,0.000000017742"
broadcast,88080384,1.591040,1.591213,0.0109,segmented_linear,4,65536;1048576;37748736,1024-65536;262144-1048576;4194304-37748736;41943040-134217728,"0.022657,0.000000010900;0.024344,0.000000021456;0.025218,0.000000018017;0.028518,0.000000017742"
broadcast,92274688,1.665488,1.665627,0.0083,segmented_linear,4,65536;1048576;37748736,1024-65536;262144-1048576;4194304-37748736;41943040-134217728,"0.022657,0.000000010900;0.024344,0.000000021456;0.025218,0.000000018017;0.028518,0.000000017742"
broadcast,96468992,1.739561,1.740041,0.0276,segmented_linear,4,65536;1048576;37748736,1024-65536;262144-1048576;4194304-37748736;41943040-134217728,"0.022657,0.000000010900;0.024344,0.000000021456;0.025218,0.000000018017;0.028518,0.000000017742"
broadcast,100663296,1.814759,1.814455,0.0168,segmented_linear,4,65536;1048576;37748736,1024-65536;262144-1048576;4194304-37748736;41943040-134217728,"0.022657,0.000000010900;0.024344,0.000000021456;0.025218,0.000000018017;0.028518,0.000000017742"
broadcast,104857600,1.888746,1.888869,0.0065,segmented_linear,4,65536;1048576;37748736,1024-65536;262144-1048576;4194304-37748736;41943040-134217728,"0.022657,0.000000010900;0.024344,0.000000021456;0.025218,0.000000018017;0.028518,0.000000017742"
broadcast,109051904,1.963398,1.963283,0.0059,segmented_linear,4,65536;1048576;37748736,1024-65536;262144-1048576;4194304-37748736;41943040-134217728,"0.022657,0.000000010900;0.024344,0.000000021456;0.025218,0.000000018017;0.028518,0.000000017742"
broadcast,113246208,2.038023,2.037697,0.0160,segmented_linear,4,65536;1048576;37748736,1024-65536;262144-1048576;4194304-37748736;41943040-134217728,"0.022657,0.000000010900;0.024344,0.000000021456;0.025218,0.000000018017;0.028518,0.000000017742"
broadcast,117440512,2.111629,2.112111,0.0228,segmented_linear,4,65536;1048576;37748736,1024-65536;262144-1048576;4194304-37748736;41943040-134217728,"0.022657,0.000000010900;0.024344,0.000000021456;0.025218,0.000000018017;0.028518,0.000000017742"
broadcast,121634816,2.187669,2.186525,0.0523,segmented_linear,4,65536;1048576;37748736,1024-65536;262144-1048576;4194304-37748736;41943040-134217728,"0.022657,0.000000010900;0.024344,0.000000021456;0.025218,0.000000018017;0.028518,0.000000017742"
broadcast,125829120,2.261721,2.260939,0.0346,segmented_linear,4,65536;1048576;37748736,1024-65536;262144-1048576;4194304-37748736;41943040-134217728,"0.022657,0.000000010900;0.024344,0.000000021456;0.025218,0.000000018017;0.028518,0.000000017742"
broadcast,130023424,2.335743,2.335353,0.0167,segmented_linear,4,65536;1048576;37748736,1024-65536;262144-1048576;4194304-37748736;41943040-134217728,"0.022657,0.000000010900;0.024344,0.000000021456;0.025218,0.000000018017;0.028518,0.000000017742"
broadcast,134217728,2.408751,2.409767,0.0422,segmented_linear,4,65536;1048576;37748736,1024-65536;262144-1048576;4194304-37748736;41943040-134217728,"0.022657,0.000000010900;0.024344,0.000000021456;0.025218,0.000000018017;0.028518,0.000000017742"
reduce,1024,0.022489,0.022489,0.0000,segmented_linear,4,4096;65536;4194304,1024-4096;16384-65536;262144-4194304;8388608-134217728,"0.022617,-0.000000124674;0.021617,0.000000034180;0.024872,0.000000020294;0.032065,0.000000017768"
reduce,4096,0.022106,0.022106,0.0000,segmented_linear,4,4096;65536;4194304,1024-4096;16384-65536;262144-4194304;8388608-134217728,"0.022617,-0.000000124674;0.021617,0.000000034180;0.024872,0.000000020294;0.032065,0.000000017768"
reduce,16384,0.022177,0.022177,0.0000,segmented_linear,4,4096;65536;4194304,1024-4096;16384-65536;262144-4194304;8388608-134217728,"0.022617,-0.000000124674;0.021617,0.000000034180;0.024872,0.000000020294;0.032065,0.000000017768"
reduce,65536,0.023857,0.023857,0.0000,segmented_linear,4,4096;65536;4194304,1024-4096;16384-65536;262144-4194304;8388608-134217728,"0.022617,-0.000000124674;0.021617,0.000000034180;0.024872,0.000000020294;0.032065,0.000000017768"
reduce,262144,0.030196,0.030192,0.0126,segmented_linear,4,4096;65536;4194304,1024-4096;16384-65536;262144-4194304;8388608-134217728,"0.022617,-0.000000124674;0.021617,0.000000034180;0.024872,0.000000020294;0.032065,0.000000017768"
reduce,1048576,0.046147,0.046152,0.0103,segmented_linear,4,4096;65536;4194304,1024-4096;16384-65536;262144-4194304;8388608-134217728,"0.022617,-0.000000124674;0.021617,0.000000034180;0.024872,0.000000020294;0.032065,0.000000017768"
reduce,4194304,0.109991,0.109990,0.0009,segmented_linear,4,4096;65536;4194304,1024-4096;16384-65536;262144-4194304;8388608-134217728,"0.022617,-0.000000124674;0.021617,0.000000034180;0.024872,0.000000020294;0.032065,0.000000017768"
reduce,8388608,0.182453,0.181118,0.7318,segmented_linear,4,4096;65536;4194304,1024-4096;16384-65536;262144-4194304;8388608-134217728,"0.022617,-0.000000124674;0.021617,0.000000034180;0.024872,0.000000020294;0.032065,0.000000017768"
reduce,12582912,0.253578,0.255644,0.8147,segmented_linear,4,4096;65536;4194304,1024-4096;16384-65536;262144-4194304;8388608-134217728,"0.022617,-0.000000124674;0.021617,0.000000034180;0.024872,0.000000020294;0.032065,0.000000017768"
reduce,16777216,0.332825,0.330170,0.7977,segmented_linear,4,4096;65536;4194304,1024-4096;16384-65536;262144-4194304;8388608-134217728,"0.022617,-0.000000124674;0.021617,0.000000034180;0.024872,0.000000020294;0.032065,0.000000017768"
reduce,20971520,0.404315,0.404696,0.0943,segmented_linear,4,4096;65536;4194304,1024-4096;16384-65536;262144-4194304;8388608-134217728,"0.022617,-0.000000124674;0.021617,0.000000034180;0.024872,0.000000020294;0.032065,0.000000017768"
reduce,25165824,0.482408,0.479223,0.6603,segmented_linear,4,4096;65536;4194304,1024-4096;16384-65536;262144-4194304;8388608-134217728,"0.022617,-0.000000124674;0.021617,0.000000034180;0.024872,0.000000020294;0.032065,0.000000017768"
reduce,29360128,0.554883,0.553749,0.2044,segmented_linear,4,4096;65536;4194304,1024-4096;16384-65536;262144-4194304;8388608-134217728,"0.022617,-0.000000124674;0.021617,0.000000034180;0.024872,0.000000020294;0.032065,0.000000017768"
reduce,33554432,0.627452,0.628275,0.1312,segmented_linear,4,4096;65536;4194304,1024-4096;16384-65536;262144-4194304;8388608-134217728,"0.022617,-0.000000124674;0.021617,0.000000034180;0.024872,0.000000020294;0.032065,0.000000017768"
reduce,37748736,0.698882,0.702801,0.5608,segmented_linear,4,4096;65536;4194304,1024-4096;16384-65536;262144-4194304;8388608-134217728,"0.022617,-0.000000124674;0.021617,0.000000034180;0.024872,0.000000020294;0.032065,0.000000017768"
reduce,41943040,0.779516,0.777327,0.2808,segmented_linear,4,4096;65536;4194304,1024-4096;16384-65536;262144-4194304;8388608-134217728,"0.022617,-0.000000124674;0.021617,0.000000034180;0.024872,0.000000020294;0.032065,0.000000017768"
reduce,46137344,0.850388,0.851854,0.1724,segmented_linear,4,4096;65536;4194304,1024-4096;16384-65536;262144-4194304;8388608-134217728,"0.022617,-0.000000124674;0.021617,0.000000034180;0.024872,0.000000020294;0.032065,0.000000017768"
reduce,50331648,0.928212,0.926380,0.1974,segmented_linear,4,4096;65536;4194304,1024-4096;16384-65536;262144-4194304;8388608-134217728,"0.022617,-0.000000124674;0.021617,0.000000034180;0.024872,0.000000020294;0.032065,0.000000017768"
reduce,54525952,0.999484,1.000906,0.1423,segmented_linear,4,4096;65536;4194304,1024-4096;16384-65536;262144-4194304;8388608-134217728,"0.022617,-0.000000124674;0.021617,0.000000034180;0.024872,0.000000020294;0.032065,0.000000017768"
reduce,58720256,1.077061,1.075432,0.1512,segmented_linear,4,4096;65536;4194304,1024-4096;16384-65536;262144-4194304;8388608-134217728,"0.022617,-0.000000124674;0.021617,0.000000034180;0.024872,0.000000020294;0.032065,0.000000017768"
reduce,62914560,1.149769,1.149959,0.0165,segmented_linear,4,4096;65536;4194304,1024-4096;16384-65536;262144-4194304;8388608-134217728,"0.022617,-0.000000124674;0.021617,0.000000034180;0.024872,0.000000020294;0.032065,0.000000017768"
reduce,67108864,1.223393,1.224485,0.0892,segmented_linear,4,4096;65536;4194304,1024-4096;16384-65536;262144-4194304;8388608-134217728,"0.022617,-0.000000124674;0.021617,0.000000034180;0.024872,0.000000020294;0.032065,0.000000017768"
reduce,71303168,1.295586,1.299011,0.2644,segmented_linear,4,4096;65536;4194304,1024-4096;16384-65536;262144-4194304;8388608-134217728,"0.022617,-0.000000124674;0.021617,0.000000034180;0.024872,0.000000020294;0.032065,0.000000017768"
reduce,75497472,1.371377,1.373537,0.1575,segmented_linear,4,4096;65536;4194304,1024-4096;16384-65536;262144-4194304;8388608-134217728,"0.022617,-0.000000124674;0.021617,0.000000034180;0.024872,0.000000020294;0.032065,0.000000017768"
reduce,79691776,1.444899,1.448063,0.2190,segmented_linear,4,4096;65536;4194304,1024-4096;16384-65536;262144-4194304;8388608-134217728,"0.022617,-0.000000124674;0.021617,0.000000034180;0.024872,0.000000020294;0.032065,0.000000017768"
reduce,83886080,1.522933,1.522590,0.0226,segmented_linear,4,4096;65536;4194304,1024-4096;16384-65536;262144-4194304;8388608-134217728,"0.022617,-0.000000124674;0.021617,0.000000034180;0.024872,0.000000020294;0.032065,0.000000017768"
reduce,88080384,1.595662,1.597116,0.0911,segmented_linear,4,4096;65536;4194304,1024-4096;16384-65536;262144-4194304;8388608-134217728,"0.022617,-0.000000124674;0.021617,0.000000034180;0.024872,0.000000020294;0.032065,0.000000017768"
reduce,92274688,1.673616,1.671642,0.1179,segmented_linear,4,4096;65536;4194304,1024-4096;16384-65536;262144-4194304;8388608-134217728,"0.022617,-0.000000124674;0.021617,0.000000034180;0.024872,0.000000020294;0.032065,0.000000017768"
reduce,96468992,1.747414,1.746168,0.0713,segmented_linear,4,4096;65536;4194304,1024-4096;16384-65536;262144-4194304;8388608-134217728,"0.022617,-0.000000124674;0.021617,0.000000034180;0.024872,0.000000020294;0.032065,0.000000017768"
reduce,100663296,1.820023,1.820694,0.0369,segmented_linear,4,4096;65536;4194304,1024-4096;16384-65536;262144-4194304;8388608-134217728,"0.022617,-0.000000124674;0.021617,0.000000034180;0.024872,0.000000020294;0.032065,0.000000017768"
reduce,104857600,1.896350,1.895221,0.0596,segmented_linear,4,4096;65536;4194304,1024-4096;16384-65536;262144-4194304;8388608-134217728,"0.022617,-0.000000124674;0.021617,0.000000034180;0.024872,0.000000020294;0.032065,0.000000017768"
reduce,109051904,1.970255,1.969747,0.0258,segmented_linear,4,4096;65536;4194304,1024-4096;16384-65536;262144-4194304;8388608-134217728,"0.022617,-0.000000124674;0.021617,0.000000034180;0.024872,0.000000020294;0.032065,0.000000017768"
reduce,113246208,2.046587,2.044273,0.1131,segmented_linear,4,4096;65536;4194304,1024-4096;16384-65536;262144-4194304;8388608-134217728,"0.022617,-0.000000124674;0.021617,0.000000034180;0.024872,0.000000020294;0.032065,0.000000017768"
reduce,117440512,2.119175,2.118799,0.0177,segmented_linear,4,4096;65536;4194304,1024-4096;16384-65536;262144-4194304;8388608-134217728,"0.022617,-0.000000124674;0.021617,0.000000034180;0.024872,0.000000020294;0.032065,0.000000017768"
reduce,121634816,2.193304,2.193325,0.0010,segmented_linear,4,4096;65536;4194304,1024-4096;16384-65536;262144-4194304;8388608-134217728,"0.022617,-0.000000124674;0.021617,0.000000034180;0.024872,0.000000020294;0.032065,0.000000017768"
reduce,125829120,2.269938,2.267852,0.0919,segmented_linear,4,4096;65536;4194304,1024-4096;16384-65536;262144-4194304;8388608-134217728,"0.022617,-0.000000124674;0.021617,0.000000034180;0.024872,0.000000020294;0.032065,0.000000017768"
reduce,130023424,2.342203,2.342378,0.0075,segmented_linear,4,4096;65536;4194304,1024-4096;16384-65536;262144-4194304;8388608-134217728,"0.022617,-0.000000124674;0.021617,0.000000034180;0.024872,0.000000020294;0.032065,0.000000017768"
reduce,134217728,2.415398,2.416904,0.0624,segmented_linear,4,4096;65536;4194304,1024-4096;16384-65536;262144-4194304;8388608-134217728,"0.022617,-0.000000124674;0.021617,0.000000034180;0.024872,0.000000020294;0.032065,0.000000017768"
